{
  "name": "WebControl 8",
  "shortPoll": "10",
  "longPoll": "60",
  "customParams": {
    "ip_address": {
      "type": "string",
      "default": "XXX.XXX.X.XXX",
      "desc": "IP address of the WebControl device"
    },
    "temp1_name": {
      "type": "string",
      "default": "Temperature 1",
      "desc": "Custom name for the Temp1 node"
    },
    "temp2_name": {
      "type": "string",
      "default": "Temperature 2",
      "desc": "Custom name for the Temp2 node"
    },
    "output1_name": {
      "type": "string",
      "default": "Output 1",
      "desc": "Custom name for the Output 1 node"
    },
    "output2_name": {
      "type": "string",
      "default": "Output 2",
      "desc": "Custom name for the Output 2 node"
    }
  },
  "nodes": [
    {
      "id": "webcontrol_node",
      "address": "wc1_node",
      "name": "WebControl",
      "drivers": [
        {
          "driver": "ST",
          "value": "0",
          "uom": "25"
        },
        {
          "driver": "GV0",
          "value": "0",
          "uom": "25"
        },
        {
          "driver": "GV1",
          "value": "0",
          "uom": "56"
        },
        {
          "driver": "GV2",
          "value": "0",
          "uom": "56"
        }
      ]
    },
    {
      "id": "temp1_node",
      "address": "temp1",
      "name": "temp1",
      "drivers": [
        {
          "driver": "GV0",
          "value": "0",
          "uom": "17"
        },
        {
          "driver": "GV1",
          "value": "0",
          "uom": "25"
        }
      ]
    },
    {
      "id": "temp2_node",
      "address": "temp2",
      "name": "Temperature 2",
      "drivers": [
        {
          "driver": "GV0",
          "value": "0",
          "uom": "17"
        },
        {
          "driver": "GV1",
          "value": "0",
          "uom": "25"
        }
      ]
    },
    {
      "id": "op1_node",
      "address": "op1",
      "name": "Output 1",
      "drivers": [
        {
          "driver": "GV0",
          "value": "0",
          "uom": "25"
        }
      ],
      "commands": [
        {
          "cmd": "DON",
          "desc": "Turn Output 1 ON"
        },
        {
          "cmd": "DOF",
          "desc": "Turn Output 1 OFF"
        }
      ]
    },
    {
      "id": "op2_node",
      "address": "op2",
      "name": "Output 2",
      "drivers": [
        {
          "driver": "GV0",
          "value": "0",
          "uom": "25"
        }
      ],
      "commands": [
        {
          "cmd": "DON",
          "desc": "Turn Output 2 ON"
        },
        {
          "cmd": "DOF",
          "desc": "Turn Output 2 OFF"
        }
      ]
    }
  ],
  "profile": {
    "encrypted": false,
    "permission": "readonly"
  }
}
